{"cameraMode":{"drawMode":0,"name":"Shaded","section":"Shading Mode"},"sceneLighting":false,"audioPlay":false,"sceneViewState":{"m_AlwaysRefresh":false,"showFog":true,"showSkybox":true,"showFlares":true,"showImageEffects":true,"showParticleSystems":true,"showVisualEffectGraphs":true,"m_FxEnabled":true},"in2DMode":false,"pivot":{"x":32.034889221191409,"y":2.5185623168945314,"z":37.41106414794922},"rotation":{"x":0.04011121392250061,"y":0.9386028051376343,"z":-0.11689179390668869,"w":0.32214102149009707},"size":10.449999809265137,"orthographic":false}