{"cameraMode":{"drawMode":0,"name":"Shaded","section":"Shading Mode"},"sceneLighting":false,"audioPlay":false,"sceneViewState":{"m_AlwaysRefresh":false,"showFog":true,"showSkybox":false,"showFlares":true,"showImageEffects":true,"showParticleSystems":true,"showVisualEffectGraphs":true,"m_FxEnabled":true},"in2DMode":false,"pivot":{"x":2.1099114418029787,"y":4.955456733703613,"z":-1.5978996753692628},"rotation":{"x":0.46863168478012087,"y":0.07930712401866913,"z":-0.04229108989238739,"w":0.8788098096847534},"size":4.757841110229492,"orthographic":true}