{"cameraMode":{"drawMode":0,"name":"Shaded","section":"Shading Mode"},"sceneLighting":false,"audioPlay":false,"sceneViewState":{"m_AlwaysRefresh":false,"showFog":true,"showSkybox":false,"showFlares":true,"showImageEffects":true,"showParticleSystems":true,"showVisualEffectGraphs":true,"m_FxEnabled":true},"in2DMode":false,"pivot":{"x":0.7119256258010864,"y":-0.6461873650550842,"z":1.0607224702835084},"rotation":{"x":0.7272617220878601,"y":0.030840633437037469,"z":-0.03274889290332794,"w":0.6848846673965454},"size":0.555192232131958,"orthographic":false}