{"cameraMode":{"drawMode":0,"name":"Shaded","section":"Shading Mode"},"sceneLighting":false,"audioPlay":false,"sceneViewState":{"m_AlwaysRefresh":false,"showFog":true,"showSkybox":false,"showFlares":true,"showImageEffects":true,"showParticleSystems":true,"showVisualEffectGraphs":true,"m_FxEnabled":true},"in2DMode":false,"pivot":{"x":30.76195526123047,"y":-0.25087451934814455,"z":22.64190673828125},"rotation":{"x":-0.3026774525642395,"y":0.0014221135061234236,"z":-0.00045218743616715074,"w":-0.9530962705612183},"size":11.495630264282227,"orthographic":true}