{"cameraMode":{"drawMode":0,"name":"Shaded","section":"Shading Mode"},"sceneLighting":false,"audioPlay":false,"sceneViewState":{"m_AlwaysRefresh":false,"showFog":true,"showSkybox":false,"showFlares":true,"showImageEffects":true,"showParticleSystems":true,"showVisualEffectGraphs":true,"m_FxEnabled":false},"in2DMode":false,"pivot":{"x":-0.5745043754577637,"y":4.560275077819824,"z":14.012361526489258},"rotation":{"x":-0.10086032748222351,"y":-0.08437060564756394,"z":0.008583907969295979,"w":-0.9912847280502319},"size":4.685341835021973,"orthographic":false}