{"cameraMode":{"drawMode":0,"name":"Shaded","section":"Shading Mode"},"sceneLighting":false,"audioPlay":false,"sceneViewState":{"m_AlwaysRefresh":false,"showFog":true,"showSkybox":true,"showFlares":true,"showImageEffects":true,"showParticleSystems":true,"showVisualEffectGraphs":true,"m_FxEnabled":true},"in2DMode":false,"pivot":{"x":-1.3415114879608155,"y":0.8477557897567749,"z":-0.811176598072052},"rotation":{"x":0.03662002831697464,"y":0.7021816968917847,"z":0.036182112991809848,"w":-0.7101951837539673},"size":0.7196412682533264,"orthographic":false}