{"cameraMode":{"drawMode":0,"name":"Shaded","section":"Shading Mode"},"sceneLighting":false,"audioPlay":false,"sceneViewState":{"m_AlwaysRefresh":false,"showFog":true,"showSkybox":false,"showFlares":true,"showImageEffects":true,"showParticleSystems":true,"showVisualEffectGraphs":true,"m_FxEnabled":false},"in2DMode":false,"pivot":{"x":0.6480717658996582,"y":-0.5747838020324707,"z":0.9618420600891113},"rotation":{"x":0.35807204246520998,"y":0.3430725038051605,"z":-0.14343400299549104,"w":0.8564550876617432},"size":3.9669578075408937,"orthographic":false}