{"cameraMode":{"drawMode":0,"name":"Shaded","section":"Shading Mode"},"sceneLighting":false,"audioPlay":false,"sceneViewState":{"m_AlwaysRefresh":false,"showFog":true,"showSkybox":false,"showFlares":true,"showImageEffects":true,"showParticleSystems":true,"showVisualEffectGraphs":true,"m_FxEnabled":true},"in2DMode":false,"pivot":{"x":-0.809999942779541,"y":0.23000001907348634,"z":-7.204999923706055},"rotation":{"x":-0.07443021237850189,"y":0.0181429423391819,"z":0.0013212206540629268,"w":0.9971849322319031},"size":1.7887778282165528,"orthographic":false}