{"cameraMode":{"drawMode":0,"name":"Shaded","section":"Shading Mode"},"sceneLighting":false,"audioPlay":false,"sceneViewState":{"m_AlwaysRefresh":false,"showFog":true,"showSkybox":false,"showFlares":true,"showImageEffects":true,"showParticleSystems":true,"showVisualEffectGraphs":true,"m_FxEnabled":true},"in2DMode":false,"pivot":{"x":0.0641469955444336,"y":4.042484283447266,"z":-0.02295374870300293},"rotation":{"x":0.32966896891593935,"y":0.06930574774742127,"z":-0.024274388328194619,"w":0.9412367939949036},"size":4.64415168762207,"orthographic":true}